<?xml version="1.0" encoding="UTF-8" standalone="yes"?>
<addon id="plugin.video.AznKodiAdult" name="AznKodiAdult" version="1.0.0" provider-name="AznKodi">
	<requires>
	</requires>
	<extension point="xbmc.python.pluginsource" library="default.py">
		<provides>video</provides>
	</extension>
	<extension point="xbmc.addon.metadata">
		<summary>[COLOR red]Adult[/COLOR] TV and videos</summary>
		<description>Internet [COLOR red]adult TV and videos [COLOR white]from various sources.[COLOR red][B]WARNING:[/B] [COLOR red]You must be[COLOR yellow] at least 18 years old[COLOR red] or[COLOR yellow] over the legal age where you live or use this addon[COLOR red] to watch adult contents.[/COLOR]</description>
		<disclaimer>[COLOR lime]The streaming media are found via website(s).[COLOR red]These streams do not represent my views or opinions in any way.[/COLOR]
	</disclaimer>
		<platform>all</platform>
		<license>http://www.gnu.org/licenses/</license>
		<forum></forum>
		<website></website>
		<email></email>
		<mainsource>https://github.com/AznKodi/repository.AznKodi</mainsource>
		<source></source>
	</extension>
</addon>
